<application>
  <component name="WebServers">
    <option name="servers">
      <webServer id="b00718b8-8a28-4af7-ad0c-c7bca5554ab3" name="Titan (poppabear)" url="http://servnx.com">
        <fileTransfer host="servnx.com" port="22" rootFolder="/home/poppabear" accessType="SFTP">
          <advancedOptions>
            <advancedOptions dataProtectionLevel="Private" passiveMode="true" shareSSLContext="true" />
          </advancedOptions>
          <option name="port" value="22" />
        </fileTransfer>
      </webServer>
      <webServer id="ae985a90-352f-4951-85c1-178ca1e26698" name="Titan (admin)" url="http://servnx.com">
        <fileTransfer host="servnx.com" port="22" rootFolder="/home/admin" accessType="SFTP">
          <advancedOptions>
            <advancedOptions dataProtectionLevel="Private" passiveMode="true" shareSSLContext="true" />
          </advancedOptions>
          <option name="port" value="22" />
        </fileTransfer>
      </webServer>
    </option>
  </component>
</application>